gnn_layers,surf_hemi,surf_type,average_dice_score,stdev_dice,count
12,left hemisphere,pial,0.8783446274015849,0.015078797948132211,99
12,right hemisphere,pial,0.8786651721120845,0.01902888460920325,99
