gnn_layers,surf_hemi,surf_type,average_dice_score,stdev_dice,count
12,left hemisphere,pial,0.9204749035815583,0.012850366579989881,99
12,right hemisphere,pial,0.918495111085502,0.018909061427745375,99
