gnn_layers,surf_hemi,surf_type,average_dice_score,stdev_dice,count
10,left hemisphere,pial,0.8799246678859418,0.015271668411191019,99
12,right hemisphere,pial,0.879282788680484,0.01995633017234461,99
